co2_cap_share,co2_cap_tonnes,co2_emissions_tonnes,mu_co2_eur_per_tco2,cap_onshore_mw,cap_offshore_mw,cap_solar_mw,cap_gas_mw,cap_battery_mw,gen_onshore_mwh,gen_offshore_mwh,gen_solar_mwh,gen_gas_mwh
1.0,85372290.44312114,85372290.44312124,0.010624051171466276,102874.67931034733,-0.0,76580.58459701965,71422.66701340268,-0.0,216349505.28487343,0.0,103954243.7345093,175237859.33061728
0.75,64029217.83234085,64029217.832340844,54.67324488448961,130547.72796928702,-0.0,91369.44336413502,66980.52834097321,4115.954040385823,245090068.54440916,0.0,120093616.0968233,131428394.49796277
0.5,42686145.22156057,42686145.22156051,144.19147001480192,165618.23536951432,-0.0,115894.8596496321,60765.76520575589,13610.36246732214,267182474.62853885,0.0,144130857.17921647,87618929.66530842
0.25,21343072.610780284,21343072.610780273,377.35752212398415,184939.62997489428,-0.0,170335.88954907627,54471.100204005925,45508.02392292196,270958873.344036,0.0,189986971.64723626,43809464.832654245
0.1,8537229.044312114,8537229.044312108,1399.8923257989336,254585.53654471037,-0.0,223121.0119457236,47764.385815534755,75728.02776062825,284378956.592533,0.0,202432665.5859577,17523785.933061697
0.05,4268614.522156057,4268614.522156057,4740.39505489593,304904.5341538548,23777.50642296993,276566.602615447,43080.63445714651,73428.45070114666,225367945.6957298,74345104.11442572,192948593.08619943,8761892.966530854
0.0,0.0,0.0,33224.943412598936,380234.43447351805,30002.7100637477,421378.15076040564,-0.0,440704.75398029876,212897824.85232124,93672375.69180126,194403343.22247833,0.0
